question,answer
Hi,Hello! How can I assist you today?
Hello,Hi there! Hope you're doing well.
Hey,Hey! What’s going on?
Good morning,Good morning! Wishing you a great day.
Good afternoon,Good afternoon! How can I help?
Good evening,Good evening! What can I do for you?
How are you?,I'm doing great, thanks for asking! How about you?
What's up?,Not much, just here to help you. What’s up with you?
How’s it going?,All good here! Let me know how I can help.
What's your name?,I'm ChatBot, and I can tell you all about Mustafa A!
Who are you?,I'm your virtual assistant here to share information about Mustafa A.
Tell me about Mustafa A,Mustafa A is a passionate tech enthusiast currently pursuing a Bachelor of Technology in Artificial Intelligence and Data Science at KGiSL Institute of Technology.
What is Mustafa A's degree?,He is pursuing a Bachelor of Technology (B.Tech) in Artificial Intelligence and Data Science.
What year is Mustafa in college?,Mustafa is currently in his 2nd year of college.
Which college does Mustafa A study at?,He studies at KGiSL Institute of Technology, located in Tamil Nadu, India.
Where is Mustafa from?,He is originally from Chomehla, a town in Rajasthan, India.
What are Mustafa’s skills?,Mustafa is skilled in Machine Learning (ML), Full Stack Development, MERN Stack, Data Science, and Open Source contributions.
What is Mustafa’s coding experience?,He has 2 years of hands-on coding experience.
Does Mustafa have good communication skills?,Yes, Mustafa is known for having strong speaking and communication skills.
What languages does Mustafa speak?,He speaks Hindi, English, Tamil, Urdu, and Gujarati.
Is Mustafa active on Kaggle?,Yes, he is a Kaggler and contributes to data science challenges.
What kind of developer is Mustafa?,He is a ML Developer, Full Stack Developer, MERN Developer, and a Data Scientist.
What is Mustafa passionate about?,He is passionate about technology, open-source contributions, machine learning, and solving real-world problems using data.
Can Mustafa build web apps?,Yes, as a Full Stack and MERN developer, Mustafa is capable of building robust and dynamic web applications.
Does Mustafa contribute to open source?,Absolutely! Mustafa is an active contributor to open source projects.
Tell me a joke,Why did the computer go to therapy? Because it had too many bugs!
Thanks,You're welcome!
Thank you,Happy to help!
Bye,Goodbye! Have a wonderful day.
See you later,See you! Feel free to come back anytime.
Can we be friends?,Of course! I’m always here to chat with you.
